{"cameraMode":{"drawMode":0,"name":"Shaded","section":"Shading Mode"},"sceneLighting":true,"audioPlay":false,"sceneViewState":{"m_AlwaysRefresh":false,"showFog":true,"showSkybox":true,"showFlares":true,"showImageEffects":true,"showParticleSystems":true,"showVisualEffectGraphs":true,"m_FxEnabled":true},"in2DMode":false,"pivot":{"x":0.652902364730835,"y":-29.015235900878908,"z":-36.58785629272461},"rotation":{"x":0.0035162605345249178,"y":0.9362325072288513,"z":-0.351331889629364,"w":0.009361844509840012},"size":25.33098602294922,"orthographic":false}